concurrency,requests_ok,errors,tokens_per_sec,ttft_ms_p50,ttft_ms_p95,lat_ms_p50,lat_ms_p95,lat_ms_p99,config,repeat,gpu_mem_mib
1,48,0,22.634212072655796,96.25316949995977,107.26807864987222,5591.649736500017,6196.448964599904,6326.754903519998,awq,1,12703
1,48,0,22.444904548478725,96.91320399997494,110.26013879998118,5706.504058500059,6088.632789050041,6374.517162199993,awq,2,12703
1,48,0,22.260054423477932,100.3462449999688,110.10282745003224,5560.8281595000335,6335.5111894498805,6357.059648059985,awq,3,12703
4,48,0,89.31976877802227,147.87375050013907,173.38656994984373,5708.454809999921,5838.8411832998145,5840.489447449891,awq,1,12703
4,48,0,82.77844231101942,162.7566444999502,171.77256549985032,6346.458593000079,6431.885963549803,6432.985895269944,awq,2,12703
4,48,0,85.44950249451693,152.7278835001198,170.25634515018737,6117.978095000353,6482.639266000092,6484.006093309972,awq,3,12703
16,48,0,308.5977727659636,191.50777599998037,2156.337661999919,6102.096470500101,7872.349827349876,7874.050099589813,awq,1,12703
16,48,0,344.96653244778537,184.71129349995863,215.0394057500307,5953.744409999899,6005.23678959994,6008.144638990052,awq,2,12703
16,48,0,347.6434637282069,181.31456850005634,194.65234264989704,5769.5426964999115,6137.471277950158,6140.186723420102,awq,3,12703
32,48,0,453.7758900083751,254.43327300013152,283.3181748500465,6780.072962499844,6802.5852243999225,6806.143805659826,awq,1,12703
32,48,0,455.9905161810076,256.0922519996893,283.01101344973176,6762.729034000131,6784.875575049705,6787.065735949759,awq,2,12703
32,48,0,455.93158123456845,263.7268495000171,288.3731523498227,6830.510499999946,6852.657231049852,6855.555189260149,awq,3,12703
