threshold,share_to_small,quality_of_100,cost_per_1m
0.0,1.0,54,0.34974341576546014
0.05,1.0,54,0.34974341576546014
0.09,1.0,54,0.34974341576546014
0.14,1.0,54,0.34974341576546014
0.18,1.0,54,0.34974341576546014
0.23,0.93,58,0.3526812395019015
0.28,0.82,61,0.3572978196591665
0.32,0.72,65,0.36149471071122563
0.37,0.62,67,0.3656916017632847
0.41,0.57,68,0.3677900472893142
0.46,0.48,71,0.37156724923616746
0.51,0.39,71,0.3753444511830206
0.55,0.32,72,0.378282274919462
0.6,0.3,72,0.3791216531298738
0.64,0.3,72,0.3791216531298738
0.69,0.3,72,0.3791216531298738
0.73,0.3,72,0.3791216531298738
0.78,0.3,72,0.3791216531298738
0.83,0.28,72,0.3799610313402856
0.87,0.03,72,0.3904532589704333
0.92,0.0,73,0.39171232628605107
0.96,0.0,73,0.39171232628605107
1.01,0.0,73,0.39171232628605107
